<?xml version="1.0" encoding="UTF-8"?>

<!DOCTYPE mapper
    PUBLIC "-//mybatis.org//DTD Mapper 3.0//EN"
    "http://mybatis.org/dtd/mybatis-3-mapper.dtd">
    
<mapper namespace="mapper.notice">
<!--  notice updatehits -->
    <update id="updatehits" parameterType="java.lang.String">
    update notice_list set nhits=nhits+1 where nid=#{nid}
    </update>

<!--  notice search -->
  	<select id="notice_search" parameterType="map" resultType="com.hotel.vo.NoticeVO">
  	
   select rno, nid, ntag, ntitle, nhits, ndate
 from (select rownum rno, nid, ntag, ntitle, nhits, to_char(ndate, 'yyyy-mm-dd') ndate
 from (select nid, ntag, ntitle, ncontent, nhits, ndate from notice_list
 order by ndate desc)where ntag ='notice' and ${search_option} like '%' || #{keyword}||'%' )
 where rno between #{start} and #{end}
  	
  	</select>
<!--  event search -->
  	<select id="event_search" parameterType="map" resultType="com.hotel.vo.NoticeVO">
  	
   select rno, nid, ntag, ntitle, nhits, ndate
 from (select rownum rno, nid, ntag, ntitle, nhits, to_char(ndate, 'yyyy-mm-dd') ndate
 from (select nid, ntag, ntitle, ncontent, nhits, ndate from notice_list
 order by ndate desc)where ntag ='event' and ${search_option} like '%' || #{keyword}||'%' )
 where rno between #{start} and #{end}
  	
  	</select>
  <!-- notice_list -->
 	<select id="notice_list" parameterType="map" resultType="com.hotel.vo.NoticeVO">
 
 	select rno, nid, ntag, ntitle, nhits, ndate
 from (select rownum rno, nid, ntag, ntitle, nhits, to_char(ndate, 'yyyy-mm-dd') ndate
 from (select nid, ntag, ntitle, nhits, ndate from notice_list
 order by ndate desc) where ntag = 'notice' ) 
 where rno between #{start} and #{end}
 
 </select>
 
  <!-- event_list -->
 	<select id="event_list" parameterType="map" resultType="com.hotel.vo.NoticeVO">
 
 	select rno, nid, ntag, ntitle, nhits, ndate
 from (select rownum rno, nid, ntag, ntitle, nhits, to_char(ndate, 'yyyy-mm-dd') ndate
 from (select nid, ntag, ntitle, nhits, ndate from notice_list
 order by ndate desc) where ntag = 'event' ) 
 where rno between #{start} and #{end}
 
 </select>

  <!-- insert -->	
  <insert id="insert" parameterType="com.hotel.vo.NoticeVO">
  
  	insert into notice_list values 
  	('n_'||sequ_notice_list.nextval, #{ntag}, #{ntitle}, #{ncontent}, 
  	#{nfile}, #{nsfile}, 0, sysdate) 
  
  </insert>
  
  <!-- update -->
	<update id="update" parameterType="com.hotel.vo.NoticeVO">
	
		update notice_list set ntitle=#{ntitle}, ntag=#{ntag}, ncontent=#{ncontent}, nfile=#{nfile}, nsfile=#{nsfile} 
		 where nid=#{nid}
	</update> 

<!-- delete -->
	<delete id="delete" parameterType="java.lang.String">
		delete from notice_list where nid=#{nid}
	</delete>	
  <!--  content -->
	<select id="content" parameterType="java.lang.String" resultType="com.hotel.vo.NoticeVO">
	
		select nid,ntag,ntitle,ncontent,nhits,ndate,nfile,nsfile 
		from notice_list where nid=#{nid}
	</select>
	
  <!-- board totalcount -->
	<select id="totalcount" resultType="int">
		
		select count(*) from notice_list
	</select>	
</mapper>